{
  "ㄅㄧㄣ": {
    "賓": 3.821928094887362
  },
  "ㄆㄢ": {
    "判": 4.833555771037513,
    "叛": 3.1518903740885515,
    "拚": 3.357122758833061,
    "攀": 3.1699250014423126,
    "潘": 3.5799356683891945,
    "盤": 4.355403216849676,
    "盼": 3.237866715483199
  },
  "ㄆㄣ": {
    "噴": 3.477098155193438,
    "盆": 3.2046954680688513
  },
  "ㄆㄤ": {
    "旁": 4.112000837099053,
    "胖": 3.569775676199397,
    "龐": 3.1875197156734627
  },
  "ㄆㄥ": {
    "彭": 2.9036774610288023,
    "捧": 2.9653686687814433,
    "朋": 4.847614145747875,
    "棚": 3.0646415084724836,
    "烹": 2.928990497563786,
    "碰": 3.669925001442312,
    "蓬": 3.2046954680688513
  },
  "ㄆㄧㄝ": {
    "撇": 2.8502198590705463
  },
  "ㄆㄧㄠ": {
    "漂": 3.47125725266962,
    "票": 5.197767067731151,
    "飄": 3.564641508472483
  },
  "ㄆㄨ": {
    "埔": 4.011183906514227,
    "撲": 3.3219280948873626,
    "普": 5.262760404547535,
    "曝": 3.4886399617499584,
    "樸": 3.033044595228886,
    "葡": 2.941321524680921,
    "譜": 3.3146783100398047,
    "鋪": 3.61440934524794
  },
  "ㄇㄡ": {
    "某": 4.526284025402077,
    "謀": 4.158706306882435
  },
  "ㄇㄧㄝ": {
    "滅": 3.8673548101129196
  },
  "ㄇㄧㄡ": {
    "謬": 3.1787760023090423
  },
  "ㄇㄧㄣ": {
    "敏": 3.792481250360578,
    "民": 6.315474813416435,
    "閔": 4.158706306882435
  },
  "ㄈㄛ": {
    "佛": 3.9534452978042594
  },
  "ㄈㄡ": {
    "否": 5.150176280164111
  },
  "ㄉㄟ": {
    "得": 1.7924812503605783
  },
  "ㄉㄨㄣ": {
    "敦": 3.574873559752341,
    "盾": 3.5899545450074672,
    "遁": 2.941321524680921,
    "頓": 3.922745025472188
  },
  "ㄊㄢ": {
    "嘆": 3.19615871138938,
    "坦": 3.713132377351049,
    "壇": 5.072329121415941,
    "探": 4.241907888632128,
    "攤": 3.839740049752723,
    "歎": 3.04373142062517,
    "灘": 2.8639602272816,
    "炭": 3.1518903740885515,
    "碳": 3.1787760023090423,
    "談": 5.0215136417972746,
    "貪": 3.7887144140178743
  },
  "ㄊㄥ": {
    "疼": 3.623963756721793,
    "藤": 3.094912279440009,
    "騰": 3.674364077115539
  },
  "ㄊㄧㄝ": {
    "帖": 2.821928094887362,
    "貼": 4.615610590355593,
    "鐵": 4.903677461028802
  },
  "ㄋㄜ": {
    "呢": 4.719395926289131
  },
  "ㄋㄣ": {
    "嫩": 2.836212670985748
  },
  "ㄋㄤ": {
    "囊": 3.447408881653972
  },
  "ㄋㄧㄤ": {
    "娘": 3.6831611071229076
  },
  "ㄋㄧㄥ": {
    "凝": 3.284927804165474,
    "寧": 3.884092162388463
  },
  "ㄋㄨㄛ": {
    "挪": 2.977098155193438,
    "諾": 3.9534452978042594
  },
  "ㄋㄨㄢ": {
    "暖": 4.067213160110463
  },
  "ㄋㄨㄥ": {
    "弄": 4.2235416131048265,
    "濃": 3.733802775041499,
    "農": 4.820122468111173
  },
  "ㄋㄩㄝ": {
    "虐": 3.4351823597917024
  },
  "ㄌㄡ": {
    "樓": 4.185343703403609,
    "漏": 3.811025909728188,
    "陋": 2.8774437510817346
  },
  "ㄌㄢ": {
    "懶": 3.5,
    "攔": 2.9886399617499584,
    "攬": 2.89067985676233,
    "欄": 3.6787760023090423,
    "濫": 3.3219280948873626,
    "瀾": 3.054262228389085,
    "爛": 3.8502198590705463,
    "籃": 3.5221970596792267,
    "藍": 4.560766758670016,
    "蘭": 4.350219859070546,
    "覽": 3.638062202637119
  },
  "ㄌㄤ": {
    "朗": 3.656441477642178,
    "浪": 4.348483763117144,
    "狼": 3.757849919142022,
    "郎": 3.213132377351049
  },
  "ㄌㄧㄣ": {
    "林": 5.158706306882435,
    "淋": 3.269579405554016,
    "磷": 3.033044595228886,
    "臨": 4.4828921423310435,
    "遴": 4.259818126421607,
    "鄰": 3.669925001442312,
    "鱗": 3.054262228389085,
    "麟": 2.821928094887362
  },
  "ㄌㄨㄢ": {
    "亂": 4.569775676199397,
    "卵": 3.2214717479243644
  },
  "ㄍㄚ": {
    "尬": 2.821928094887362
  },
  "ㄍㄨㄚ": {
    "刮": 3.7214717479243644,
    "寡": 3.6831611071229076,
    "掛": 3.994342343386083,
    "瓜": 3.749922943541603
  },
  "ㄍㄨㄣ": {
    "棍": 3.133393270347451,
    "滾": 3.6047266828144746
  },
  "ㄍㄨㄤ": {
    "光": 5.251415902033372,
    "廣": 4.678776002309042
  },
  "ㄎㄣ": {
    "肯": 4.0357311812783125
  },
  "ㄎㄥ": {
    "坑": 3.2459265481648374
  },
  "ㄏㄟ": {
    "黑": 4.7489259184755594
  },
  "ㄏㄥ": {
    "橫": 4.102285572124602,
    "衡": 4.140385385065302
  },
  "ㄏㄨㄣ": {
    "婚": 4.678776002309042,
    "昏": 3.511183906514227,
    "混": 4.04373142062517,
    "渾": 2.9886399617499584,
    "魂": 3.839740049752723
  },
  "ㄏㄨㄥ": {
    "宏": 3.6427011094311244,
    "洪": 3.839740049752723,
    "烘": 2.8639602272816,
    "紅": 4.811025909728189,
    "轟": 3.299956421093564,
    "鴻": 3.799956421093564
  },
  "ㄐㄩㄣ": {
    "俊": 3.61440934524794,
    "君": 3.9828921423310435,
    "均": 4.460920468537245,
    "峻": 3.1518903740885515,
    "菌": 3.5799356683891945,
    "軍": 5.328659224790644
  },
  "ㄐㄩㄥ": {
    "窘": 2.6961587113893803
  },
  "ㄑㄧㄚ": {
    "恰": 3.084962500721156,
    "洽": 2.9653686687814433
  },
  "ㄑㄧㄣ": {
    "侵": 4.47125725266962,
    "勤": 3.9828921423310435,
    "寢": 3.0221970596792267,
    "琴": 3.447408881653972,
    "禽": 2.821928094887362,
    "秦": 2.8774437510817346,
    "親": 5.257357027069244
  },
  "ㄑㄩㄣ": {
    "群": 4.863960227281599,
    "裙": 3.11440934524794
  },
  "ㄑㄩㄥ": {
    "瓊": 3.0646415084724836,
    "窮": 4.358838211533198
  },
  "ㄒㄩㄢ": {
    "宣": 4.879944091610917,
    "懸": 3.7734472299438186,
    "旋": 3.749922943541603,
    "炫": 2.821928094887362,
    "玄": 2.836212670985748,
    "眩": 2.8639602272816,
    "選": 6.063835983519491
  },
  "ㄓㄞ": {
    "債": 3.737866715483199,
    "宅": 3.2617809780285065,
    "寨": 4.04373142062517,
    "摘": 3.5799356683891945
  },
  "ㄓㄨㄛ": {
    "卓": 2.8774437510817346,
    "拙": 2.8639602272816,
    "捉": 3.5490160414802636,
    "桌": 3.9800009660340403,
    "濁": 2.977098155193438
  },
  "ㄓㄨㄟ": {
    "墜": 2.9886399617499584,
    "追": 4.627514284909365
  },
  "ㄔㄞ": {
    "拆": 3.5490160414802636,
    "柴": 3.237866715483199
  },
  "ㄔㄡ": {
    "仇": 3.594912279440009,
    "愁": 3.5,
    "抽": 4.072329121415941,
    "籌": 3.8673548101129196,
    "臭": 3.3432502635916093,
    "酬": 3.269579405554016,
    "醜": 3.3707334932005732
  },
  "ㄔㄨㄛ": {
    "戳": 2.403677461028802
  },
  "ㄔㄨㄞ": {
    "揣": 2.584962500721156
  },
  "ㄔㄨㄟ": {
    "吹": 3.8291057413758978,
    "垂": 3.633393270347451
  },
  "ㄔㄨㄥ": {
    "充": 4.563352236421595,
    "寵": 3.9828921423310435,
    "崇": 3.269579405554016,
    "沖": 3.482892142331044,
    "蟲": 4.147310374445813,
    "衝": 4.541074520676936,
    "重": 4.596146407235384
  },
  "ㄕㄞ": {
    "曬": 3.0646415084724836,
    "篩": 2.8502198590705463
  },
  "ㄕㄨㄞ": {
    "帥": 3.357122758833061,
    "率": 2.9036774610288023,
    "衰": 3.084962500721156
  },
  "ㄕㄨㄢ": {
    "栓": 2.604726682814475
  },
  "ㄖㄥ": {
    "仍": 4.98217043389621
  },
  "ㄗㄟ": {
    "賊": 3.2046954680688513
  },
  "ㄗㄢ": {
    "讚": 3.737866715483199,
    "贊": 3.3432502635916093
  },
  "ㄗㄤ": {
    "臟": 3.4886399617499584,
    "葬": 3.0,
    "藏": 3.1787760023090423,
    "髒": 3.0
  },
  "ㄗㄨㄢ": {
    "鑽": 3.428990497563786
  },
  "ㄗㄨㄣ": {
    "尊": 4.189689183535632,
    "遵": 3.505613627711627
  },
  "ㄘㄡ": {
    "湊": 3.054262228389085
  },
  "ㄘㄥ": {
    "層": 4.7695794055540155,
    "曾": 5.080565941492154
  },
  "ㄘㄨ": {
    "促": 4.107159560400383,
    "粗": 3.7887144140178743,
    "醋": 2.977098155193438
  },
  "ㄘㄨㄟ": {
    "催": 3.3362126709857476,
    "摧": 3.04373142062517,
    "粹": 3.599836172418182,
    "翠": 3.011183906514227,
    "脆": 3.4534452978042594
  },
  "ㄘㄨㄢ": {
    "竄": 3.0646415084724836
  },
  "ㄙㄚ": {
    "撒": 3.574873559752341,
    "灑": 3.2046954680688513,
    "薩": 3.594912279440009
  },
  "ㄙㄠ": {
    "掃": 3.700439718141092,
    "騷": 3.1875197156734627
  },
  "ㄙㄣ": {
    "森": 3.8432502635916093
  },
  "ㄙㄤ": {
    "喪": 3.8807756162222398,
    "桑": 3.7297158093186487
  },
  "ㄠ": {
    "傲": 3.5799356683891945,
    "凹": 2.836212670985748,
    "奧": 4.185343703403609,
    "澳": 4.243920016911526,
    "熬": 3.033044595228886
  },
  "ㄡ": {
    "偶": 3.994342343386083,
    "歐": 4.923528673045668
  },
  "ㄣ": {
    "嗯": 2.89067985676233,
    "恩": 4.5028122745969394
  },
  "ㄤ": {
    "昂": 3.1699250014423126
  },
  "ㄨㄚ": {
    "娃": 3.1875197156734627,
    "挖": 3.384092162388463,
    "瓦": 4.04373142062517,
    "蛙": 3.350219859070546
  },
  "ㄨㄥ": {
    "翁": 3.422745025472188
  }
}